assignment_group,incident_count,resolved_incidents,missing_resolution,sla_breaches,median_resolution_hours,p90_resolution_hours,reassigned_incidents,mean_reassignment_count,breach_rate,sla_compliance,resolution_coverage,reassignment_rate,breach_rate_ci_lower,breach_rate_ci_upper,eligible_for_comparison
Group 12,123,123,0,107,311.46666666666664,667.43,73,1.032520325203252,86.99186991869918,13.008130081300816,100.0,59.34959349593496,79.91101236600706,91.83201200454643,True
Group 37,176,176,0,132,249.76666666666665,1101.4166666666667,84,0.8579545454545454,75.0,25.0,100.0,47.72727272727273,68.11482534755851,80.8171236564539,True
Group 10,343,343,0,257,402.3666666666667,1462.3666666666672,143,1.0087463556851313,74.9271137026239,25.072886297376094,100.0,41.690962099125365,70.08112762018185,79.2209168865901,True
Group 66,376,374,2,262,207.76666666666665,1078.9699999999996,161,0.8191489361702128,69.68085106382979,30.319148936170215,99.46808510638297,42.819148936170215,64.85509476366803,74.10851533064495,True
Group 74,105,105,0,73,150.01666666666668,606.496666666667,78,1.2857142857142858,69.52380952380952,30.476190476190478,100.0,74.28571428571429,60.15949639138787,77.50992412429729,True
Group 31,205,205,0,140,101.11666666666666,2759.9733333333324,107,0.9804878048780488,68.29268292682927,31.707317073170728,100.0,52.19512195121951,61.63599311876533,74.27639215313452,True
Group 57,313,313,0,213,167.15,746.1333333333333,167,1.073482428115016,68.05111821086261,31.948881789137385,100.0,53.35463258785943,62.69330112849395,72.9712075723837,True
Group 72,367,367,0,232,123.33333333333331,848.2166666666675,297,1.8501362397820162,63.21525885558583,36.78474114441417,100.0,80.92643051771117,58.16842745763273,67.98829282401853,True
Group 29,257,257,0,160,148.16666666666666,481.63,140,1.1945525291828794,62.2568093385214,37.7431906614786,100.0,54.474708171206224,56.190775829703334,67.96181332785436,True
Group 33,201,201,0,123,114.5,1028.5166666666669,119,1.1940298507462686,61.19402985074627,38.80597014925373,100.0,59.20398009950249,54.30733992882153,67.66085403178022,True
Group 20,394,394,0,230,91.475,556.6466666666666,281,1.9949238578680204,58.37563451776649,41.62436548223351,100.0,71.31979695431471,53.45023439677754,63.13928263713746,True
Group 76,189,181,8,110,102.35,364.75,86,0.7936507936507936,58.201058201058196,41.798941798941804,95.76719576719577,45.5026455026455,51.07425258297167,65.00111704681774,True
Group 25,1243,1243,0,711,111.7,456.4933333333333,719,1.0868865647626709,57.200321802091715,42.799678197908285,100.0,57.84392598551891,54.43160879882469,59.924665486537606,True
Group 65,336,333,3,190,79.0,621.4900000000001,131,0.8184523809523809,56.547619047619044,43.452380952380956,99.10714285714286,38.98809523809524,51.20282797196929,61.74438037450742,True
Group 6,257,257,0,143,120.85,801.1500000000005,174,1.4357976653696498,55.6420233463035,44.3579766536965,100.0,67.70428015564202,49.52922227916554,61.58863622193245,True
Group 22,239,239,0,130,70.83333333333333,683.493333333334,97,0.7740585774058577,54.39330543933054,45.60669456066946,100.0,40.58577405857741,48.0589907402735,60.58862153044123,True
Group 54,200,200,0,106,75.6,349.575,150,1.9,53.0,47.0,100.0,75.0,46.09155733536115,59.795366629128935,True
Group 5,140,140,0,73,23.75,472.13166666666666,30,0.4714285714285714,52.142857142857146,47.857142857142854,100.0,21.428571428571427,43.92177246283011,60.24948258438852,True
Group 48,162,162,0,81,88.69166666666666,375.65,78,0.7962962962962963,50.0,50.0,100.0,48.148148148148145,42.39009323083406,57.60990676916594,True
Group 28,545,545,0,253,49.2,321.8966666666668,347,1.271559633027523,46.42201834862386,53.57798165137615,100.0,63.6697247706422,42.274569794071915,50.619554849541124,True
Group 73,576,576,0,265,58.166666666666664,308.9083333333333,343,1.015625,46.00694444444444,53.99305555555556,100.0,59.548611111111114,41.97652780981676,50.09027112285727,True
Group 27,518,518,0,216,29.299999999999997,288.565,278,0.9922779922779923,41.6988416988417,58.301158301158296,100.0,53.66795366795367,37.52905308362247,45.99085027402476,True
Group 23,811,811,0,335,27.8,510.0833333333333,573,1.5782983970406905,41.30702836004932,58.692971639950684,100.0,70.65351418002466,37.9669242058737,44.72909916848517,True
Group 56,167,167,0,66,28.0,252.7733333333334,138,2.407185628742515,39.52095808383233,60.47904191616767,100.0,82.63473053892216,32.421601113953216,47.091585369900834,True
Group 55,293,293,0,114,7.666666666666667,262.04333333333363,130,0.8737201365187713,38.907849829351534,61.092150170648466,100.0,44.36860068259386,33.5032213188062,44.59957828879598,True
Group 30,268,268,0,100,26.28333333333333,478.55,162,1.1044776119402986,37.3134328358209,62.68656716417911,100.0,60.447761194029844,31.740582135291774,43.24485055786484,True
Group 58,142,142,0,50,26.275,522.6200000000001,55,0.7112676056338029,35.2112676056338,64.7887323943662,100.0,38.732394366197184,27.83917433242716,43.362458123607325,True
Group 24,1060,1059,1,373,24.95,295.7300000000004,572,1.0254716981132075,35.18867924528302,64.81132075471699,99.90566037735849,53.9622641509434,32.37191259021273,38.112415151812016,True
Group 39,1199,1199,0,374,18.816666666666663,194.0233333333333,934,1.3686405337781484,31.19266055045872,68.80733944954129,100.0,77.89824854045038,28.63388239810247,33.871571354079045,True
Group 46,166,166,0,49,3.6999999999999997,143.66666666666669,76,0.7289156626506024,29.518072289156628,70.48192771084338,100.0,45.78313253012048,23.105835424280684,36.85685922767736,True
Group 49,108,108,0,27,5.225,163.38166666666643,55,0.7129629629629629,25.0,75.0,100.0,50.92592592592593,17.787718518702555,33.92971041650581,True
Group 70,9444,7905,1539,1526,0.3333333333333333,169.24000000000007,1991,0.5044472681067345,16.158407454468446,83.84159254553155,83.70393900889454,21.08216857263871,15.429843945923938,16.914491716943232,True
Group 64,716,716,0,78,0.05,22.508333333333333,103,0.15502793296089384,10.893854748603351,89.10614525139665,100.0,14.385474860335195,8.816953339725412,13.388154006112895,True
Group 14,13,13,0,13,697.15,1664.6266666666668,10,2.4615384615384617,100.0,0.0,100.0,76.92307692307693,77.18981569447084,100.0,False
Group 18,2,2,0,2,5269.258333333333,6088.878333333334,2,2.0,100.0,0.0,100.0,100.0,34.23719528896193,100.0,False
Group 71,2,2,0,2,1861.9333333333334,3349.44,2,2.0,100.0,0.0,100.0,100.0,34.23719528896193,100.0,False
Group 7,1,1,0,1,755.9,755.9,1,2.0,100.0,0.0,100.0,100.0,20.654329147389294,100.0,False
Group 77,1,1,0,1,448.51666666666665,448.51666666666665,1,1.0,100.0,0.0,100.0,100.0,20.654329147389294,100.0,False
Group 80,1,1,0,1,5132.5,5132.5,1,2.0,100.0,0.0,100.0,100.0,20.654329147389294,100.0,False
Group 15,58,58,0,57,536.2416666666667,5337.961666666667,44,1.706896551724138,98.27586206896551,1.7241379310344862,100.0,75.86206896551724,90.85892732270166,99.6950040115458,False
Group 9,96,96,0,94,3855.3416666666667,5410.075000000001,68,1.96875,97.91666666666666,2.083333333333337,100.0,70.83333333333334,92.71914417038553,99.42681502898627,False
Group 75,60,59,1,57,553.2666666666667,1379.9833333333333,24,0.7,95.0,5.000000000000004,98.33333333333333,40.0,86.29926537490016,98.28508088208588,False
Group 35,17,17,0,16,1821.0666666666664,7313.893333333333,14,1.0588235294117647,94.11764705882352,5.882352941176472,100.0,82.35294117647058,73.01745479643719,98.95398693548358,False
Group 17,11,11,0,10,341.85,842.7666666666667,8,1.3636363636363635,90.9090909090909,9.090909090909093,100.0,72.72727272727273,62.26353745137963,98.3768247737174,False
Group 26,24,24,0,21,295.925,1114.3616666666665,23,4.083333333333333,87.5,12.5,100.0,95.83333333333334,68.99571185214242,95.65574496068442,False
Group 61,38,38,0,33,597.6833333333334,2547.67166666667,32,1.8157894736842106,86.8421052631579,13.157894736842103,100.0,84.21052631578947,72.67282994850112,94.24621712426855,False
Group 63,7,7,0,6,2380.6,2894.216666666667,7,5.714285714285714,85.71428571428571,14.28571428571429,100.0,100.0,48.68654966809701,97.43210440510252,False
Group 67,6,6,0,5,1214.95,5425.6,3,0.8333333333333334,83.33333333333334,16.666666666666664,100.0,50.0,43.649056343635394,96.99474141282697,False
Group 3,99,99,0,82,314.4166666666667,3826.983333333333,51,1.1414141414141414,82.82828282828282,17.17171717171717,100.0,51.515151515151516,74.21056528666338,88.99342998373302,False
Group 50,51,51,0,38,91.15,955.25,37,1.5686274509803921,74.50980392156863,25.49019607843137,100.0,72.54901960784314,61.13145589385128,84.4543767587336,False
Group 21,58,58,0,35,117.73333333333332,419.6566666666672,29,0.9482758620689655,60.3448275862069,39.6551724137931,100.0,50.0,47.49298280744989,71.91143104988886,False
Group 59,44,44,0,25,70.9,441.03500000000014,38,1.9772727272727273,56.81818181818182,43.18181818181818,100.0,86.36363636363636,42.223890740554396,70.31749583514542,False
Group 68,45,45,0,25,94.38333333333334,1092.7566666666671,30,0.9777777777777777,55.55555555555556,44.44444444444444,100.0,66.66666666666666,41.17588341636533,69.0612914509609,False
Group 51,38,38,0,21,134.51666666666665,849.6566666666668,26,1.4736842105263157,55.26315789473685,44.73684210526315,100.0,68.42105263157895,39.70602917908942,69.85383468844911,False
Group 45,11,11,0,6,22.766666666666666,308.56666666666666,7,1.0,54.54545454545454,45.45454545454546,100.0,63.63636363636363,28.008775568998818,78.72904245601195,False
Group 13,36,36,0,18,123.375,1208.7166666666667,35,1.3888888888888888,50.0,50.0,100.0,97.22222222222221,34.47406762473052,65.52593237526946,False
Group 36,2,2,0,1,0.09999999999999995,0.12666666666666662,2,1.5,50.0,50.0,100.0,100.0,9.452865480086615,90.54713451991339,False
Group 8,2,2,0,1,98.05,154.37,2,3.5,50.0,50.0,100.0,100.0,9.452865480086615,90.54713451991339,False
Group 53,93,93,0,45,32.13333333333333,234.1433333333332,44,0.9139784946236559,48.38709677419355,51.61290322580645,100.0,47.31182795698925,38.49752909016495,58.40462866022331,False
Group 2,7,7,0,3,5.866666666666666,602.4100000000003,6,2.0,42.857142857142854,57.14285714285714,100.0,85.71428571428571,15.821692226262684,74.95457695909742,False
Group 32,8,8,0,3,60.358333333333334,173.44333333333333,8,1.25,37.5,62.5,100.0,100.0,13.684175946152106,69.42621454161981,False
Group 62,43,43,0,16,26.6,445.3266666666674,38,1.7674418604651163,37.2093023255814,62.7906976744186,100.0,88.37209302325581,24.37613889377433,52.14046173472684,False
Group 69,73,72,1,25,1.9333333333333331,91.59333333333332,43,1.3150684931506849,34.24657534246575,65.75342465753424,98.63013698630137,58.9041095890411,24.394708089529715,45.67358824995307,False
Group 47,45,45,0,15,25.6,284.74,19,0.6888888888888889,33.33333333333333,66.66666666666667,100.0,42.22222222222222,21.358692207276764,47.9297831907446,False
Group 34,51,51,0,14,19.9,389.6666666666667,12,0.35294117647058826,27.450980392156865,72.54901960784314,100.0,23.52941176470588,17.11412201054317,40.94691194907873,False
Group 43,8,8,0,2,51.375,301.4833333333333,8,1.625,25.0,75.0,100.0,100.0,7.147768885802764,59.073012089741084,False
Group 19,37,37,0,8,10.383333333333333,64.43666666666667,8,0.4594594594594595,21.62162162162162,78.37837837837837,100.0,21.62162162162162,11.386376851955585,37.19546127387691,False
Group 60,24,24,0,5,23.25,290.7883333333331,22,1.9583333333333333,20.833333333333336,79.16666666666666,100.0,91.66666666666666,9.24468910478809,40.470844485235475,False
Group 44,9,9,0,1,66.61666666666666,168.4933333333334,1,0.3333333333333333,11.11111111111111,88.88888888888889,100.0,11.11111111111111,1.9890371327130536,43.50062147680601,False
Group 41,1,1,0,0,53.43333333333333,53.43333333333333,0,0.0,0.0,100.0,100.0,0.0,0.0,79.34567085261071,False
